{	"SampleFileName": "incomepred_25082021_120000.csv",
	"LengthOfDateStampInFile": 8,
	"LengthOfTimeStampInFile": 6,
	"NumberofColumns" : 15,
	"ColName": {
		"age" : "int64",
		"workclass": "object",
		"fnlwgt": "int64",
		"education": "object",
		"education-num": "int64",
		"marital-status": "object",
		"occupation": "object",
		"relationship": "object",
		"race": "object",
		"sex": "object",
		"capital-gain": "int64",
		"capital-loss": "int64",
		"hours-per-week": "int64",
		"country": "object",
		"salary": "object"
	}
}