age,workclass,fnlwgt,education,education-num,marital-status,occupation,relationship,race,sex,capital-gain,capital-loss,hours-per-week,country
39, State-gov,77516, Bachelors,13, Never-married, Adm-clerical, Not-in-family, White, Male,2174,0,40, United-States
50, Self-emp-not-inc,83311, Bachelors,13, Married-civ-spouse, Exec-managerial, Husband, White, Male,0,0,13, United-States
38, Private,215646, HS-grad,9, Divorced, Handlers-cleaners, Not-in-family, White, Male,0,0,40, United-States
53, Private,234721, 11th,7, Married-civ-spouse, Handlers-cleaners, Husband, Black, Male,0,0,40, United-States
28, Private,338409, Bachelors,13, Married-civ-spouse, Prof-specialty, Wife, Black, Female,0,0,40, Cuba
37, Private,284582, Masters,14, Married-civ-spouse, Exec-managerial, Wife, White, Female,0,0,40, United-States
49, Private,160187, 9th,5, Married-spouse-absent, Other-service, Not-in-family, Black, Female,0,0,16, Jamaica
52, Self-emp-not-inc,209642, HS-grad,9, Married-civ-spouse, Exec-managerial, Husband, White, Male,0,0,45, United-States
31, Private,45781, Masters,14, Never-married, Prof-specialty, Not-in-family, White, Female,14084,0,50, United-States
42, Private,159449, Bachelors,13, Married-civ-spouse, Exec-managerial, Husband, White, Male,5178,0,40, United-States
37, Private,280464, Some-college,10, Married-civ-spouse, Exec-managerial, Husband, Black, Male,0,0,80, United-States
30, State-gov,141297, Bachelors,13, Married-civ-spouse, Prof-specialty, Husband, Asian-Pac-Islander, Male,0,0,40, India
23, Private,122272, Bachelors,13, Never-married, Adm-clerical, Own-child, White, Female,0,0,30, United-States
32, Private,205019, Assoc-acdm,12, Never-married, Sales, Not-in-family, Black, Male,0,0,50, United-States
40, Private,121772, Assoc-voc,11, Married-civ-spouse, Craft-repair, Husband, Asian-Pac-Islander, Male,0,0,40, ?
34, Private,245487, 7th-8th,4, Married-civ-spouse, Transport-moving, Husband, Amer-Indian-Eskimo, Male,0,0,45, Mexico
25, Self-emp-not-inc,176756, HS-grad,9, Never-married, Farming-fishing, Own-child, White, Male,0,0,35, United-States
32, Private,186824, HS-grad,9, Never-married, Machine-op-inspct, Unmarried, White, Male,0,0,40, United-States
38, Private,28887, 11th,7, Married-civ-spouse, Sales, Husband, White, Male,0,0,50, United-States
43, Self-emp-not-inc,292175, Masters,14, Divorced, Exec-managerial, Unmarried, White, Female,0,0,45, United-States
40, Private,193524, Doctorate,16, Married-civ-spouse, Prof-specialty, Husband, White, Male,0,0,60, United-States
54, Private,302146, HS-grad,9, Separated, Other-service, Unmarried, Black, Female,0,0,20, United-States
35, Federal-gov,76845, 9th,5, Married-civ-spouse, Farming-fishing, Husband, Black, Male,0,0,40, United-States
43, Private,117037, 11th,7, Married-civ-spouse, Transport-moving, Husband, White, Male,0,2042,40, United-States
59, Private,109015, HS-grad,9, Divorced, Tech-support, Unmarried, White, Female,0,0,40, United-States
56, Local-gov,216851, Bachelors,13, Married-civ-spouse, Tech-support, Husband, White, Male,0,0,40, United-States
19, Private,168294, HS-grad,9, Never-married, Craft-repair, Own-child, White, Male,0,0,40, United-States
54, ?,180211, Some-college,10, Married-civ-spouse, ?, Husband, Asian-Pac-Islander, Male,0,0,60, South
39, Private,367260, HS-grad,9, Divorced, Exec-managerial, Not-in-family, White, Male,0,0,80, United-States
49, Private,193366, HS-grad,9, Married-civ-spouse, Craft-repair, Husband, White, Male,0,0,40, United-States
23, Local-gov,190709, Assoc-acdm,12, Never-married, Protective-serv, Not-in-family, White, Male,0,0,52, United-States
20, Private,266015, Some-college,10, Never-married, Sales, Own-child, Black, Male,0,0,44, United-States
45, Private,386940, Bachelors,13, Divorced, Exec-managerial, Own-child, White, Male,0,1408,40, United-States
30, Federal-gov,59951, Some-college,10, Married-civ-spouse, Adm-clerical, Own-child, White, Male,0,0,40, United-States
22, State-gov,311512, Some-college,10, Married-civ-spouse, Other-service, Husband, Black, Male,0,0,15, United-States
48, Private,242406, 11th,7, Never-married, Machine-op-inspct, Unmarried, White, Male,0,0,40, Puerto-Rico
21, Private,197200, Some-college,10, Never-married, Machine-op-inspct, Own-child, White, Male,0,0,40, United-States
19, Private,544091, HS-grad,9, Married-AF-spouse, Adm-clerical, Wife, White, Female,0,0,25, United-States
31, Private,84154, Some-college,10, Married-civ-spouse, Sales, Husband, White, Male,0,0,38, ?
48, Self-emp-not-inc,265477, Assoc-acdm,12, Married-civ-spouse, Prof-specialty, Husband, White, Male,0,0,40, United-States
31, Private,507875, 9th,5, Married-civ-spouse, Machine-op-inspct, Husband, White, Male,0,0,43, United-States
53, Self-emp-not-inc,88506, Bachelors,13, Married-civ-spouse, Prof-specialty, Husband, White, Male,0,0,40, United-States
24, Private,172987, Bachelors,13, Married-civ-spouse, Tech-support, Husband, White, Male,0,0,50, United-States
49, Private,94638, HS-grad,9, Separated, Adm-clerical, Unmarried, White, Female,0,0,40, United-States
25, Private,289980, HS-grad,9, Never-married, Handlers-cleaners, Not-in-family, White, Male,0,0,35, United-States
57, Federal-gov,337895, Bachelors,13, Married-civ-spouse, Prof-specialty, Husband, Black, Male,0,0,40, United-States
53, Private,144361, HS-grad,9, Married-civ-spouse, Machine-op-inspct, Husband, White, Male,0,0,38, United-States
44, Private,128354, Masters,14, Divorced, Exec-managerial, Unmarried, White, Female,0,0,40, United-States
41, State-gov,101603, Assoc-voc,11, Married-civ-spouse, Craft-repair, Husband, White, Male,0,0,40, United-States
29, Private,271466, Assoc-voc,11, Never-married, Prof-specialty, Not-in-family, White, Male,0,0,43, United-States
25, Private,32275, Some-college,10, Married-civ-spouse, Exec-managerial, Wife, Other, Female,0,0,40, United-States
18, Private,226956, HS-grad,9, Never-married, Other-service, Own-child, White, Female,0,0,30, ?
47, Private,51835, Prof-school,15, Married-civ-spouse, Prof-specialty, Wife, White, Female,0,1902,60, Honduras
50, Federal-gov,251585, Bachelors,13, Divorced, Exec-managerial, Not-in-family, White, Male,0,0,55, United-States
47, Self-emp-inc,109832, HS-grad,9, Divorced, Exec-managerial, Not-in-family, White, Male,0,0,60, United-States
43, Private,237993, Some-college,10, Married-civ-spouse, Tech-support, Husband, White, Male,0,0,40, United-States
46, Private,216666, 5th-6th,3, Married-civ-spouse, Machine-op-inspct, Husband, White, Male,0,0,40, Mexico
35, Private,56352, Assoc-voc,11, Married-civ-spouse, Other-service, Husband, White, Male,0,0,40, Puerto-Rico
41, Private,147372, HS-grad,9, Married-civ-spouse, Adm-clerical, Husband, White, Male,0,0,48, United-States
30, Private,188146, HS-grad,9, Married-civ-spouse, Machine-op-inspct, Husband, White, Male,5013,0,40, United-States
30, Private,59496, Bachelors,13, Married-civ-spouse, Sales, Husband, White, Male,2407,0,40, United-States
32, ?,293936, 7th-8th,4, Married-spouse-absent, ?, Not-in-family, White, Male,0,0,40, ?
48, Private,149640, HS-grad,9, Married-civ-spouse, Transport-moving, Husband, White, Male,0,0,40, United-States
42, Private,116632, Doctorate,16, Married-civ-spouse, Prof-specialty, Husband, White, Male,0,0,45, United-States
29, Private,105598, Some-college,10, Divorced, Tech-support, Not-in-family, White, Male,0,0,58, United-States
36, Private,155537, HS-grad,9, Married-civ-spouse, Craft-repair, Husband, White, Male,0,0,40, United-States
28, Private,183175, Some-college,10, Divorced, Adm-clerical, Not-in-family, White, Female,0,0,40, United-States
53, Private,169846, HS-grad,9, Married-civ-spouse, Adm-clerical, Wife, White, Female,0,0,40, United-States
49, Self-emp-inc,191681, Some-college,10, Married-civ-spouse, Exec-managerial, Husband, White, Male,0,0,50, United-States
25, ?,200681, Some-college,10, Never-married, ?, Own-child, White, Male,0,0,40, United-States
19, Private,101509, Some-college,10, Never-married, Prof-specialty, Own-child, White, Male,0,0,32, United-States
31, Private,309974, Bachelors,13, Separated, Sales, Own-child, Black, Female,0,0,40, United-States
29, Self-emp-not-inc,162298, Bachelors,13, Married-civ-spouse, Sales, Husband, White, Male,0,0,70, United-States
23, Private,211678, Some-college,10, Never-married, Machine-op-inspct, Not-in-family, White, Male,0,0,40, United-States
79, Private,124744, Some-college,10, Married-civ-spouse, Prof-specialty, Other-relative, White, Male,0,0,20, United-States
27, Private,213921, HS-grad,9, Never-married, Other-service, Own-child, White, Male,0,0,40, Mexico
40, Private,32214, Assoc-acdm,12, Married-civ-spouse, Adm-clerical, Husband, White, Male,0,0,40, United-States
67, ?,212759, 10th,6, Married-civ-spouse, ?, Husband, White, Male,0,0,2, United-States
18, Private,309634, 11th,7, Never-married, Other-service, Own-child, White, Female,0,0,22, United-States
31, Local-gov,125927, 7th-8th,4, Married-civ-spouse, Farming-fishing, Husband, White, Male,0,0,40, United-States
18, Private,446839, HS-grad,9, Never-married, Sales, Not-in-family, White, Male,0,0,30, United-States
52, Private,276515, Bachelors,13, Married-civ-spouse, Other-service, Husband, White, Male,0,0,40, Cuba
46, Private,51618, HS-grad,9, Married-civ-spouse, Other-service, Wife, White, Female,0,0,40, United-States
59, Private,159937, HS-grad,9, Married-civ-spouse, Sales, Husband, White, Male,0,0,48, United-States
44, Private,343591, HS-grad,9, Divorced, Craft-repair, Not-in-family, White, Female,14344,0,40, United-States
53, Private,346253, HS-grad,9, Divorced, Sales, Own-child, White, Female,0,0,35, United-States
49, Local-gov,268234, HS-grad,9, Married-civ-spouse, Protective-serv, Husband, White, Male,0,0,40, United-States
33, Private,202051, Masters,14, Married-civ-spouse, Prof-specialty, Husband, White, Male,0,0,50, United-States
30, Private,54334, 9th,5, Never-married, Sales, Not-in-family, White, Male,0,0,40, United-States
43, Federal-gov,410867, Doctorate,16, Never-married, Prof-specialty, Not-in-family, White, Female,0,0,50, United-States
57, Private,249977, Assoc-voc,11, Married-civ-spouse, Prof-specialty, Husband, White, Male,0,0,40, United-States
37, Private,286730, Some-college,10, Divorced, Craft-repair, Unmarried, White, Female,0,0,40, United-States
28, Private,212563, Some-college,10, Divorced, Machine-op-inspct, Unmarried, Black, Female,0,0,25, United-States
30, Private,117747, HS-grad,9, Married-civ-spouse, Sales, Wife, Asian-Pac-Islander, Female,0,1573,35, ?
34, Local-gov,226296, Bachelors,13, Married-civ-spouse, Protective-serv, Husband, White, Male,0,0,40, United-States
29, Local-gov,115585, Some-college,10, Never-married, Handlers-cleaners, Not-in-family, White, Male,0,0,50, United-States
48, Self-emp-not-inc,191277, Doctorate,16, Married-civ-spouse, Prof-specialty, Husband, White, Male,0,1902,60, United-States
37, Private,202683, Some-college,10, Married-civ-spouse, Sales, Husband, White, Male,0,0,48, United-States
48, Private,171095, Assoc-acdm,12, Divorced, Exec-managerial, Unmarried, White, Female,0,0,40, England
32, Federal-gov,249409, HS-grad,9, Never-married, Other-service, Own-child, Black, Male,0,0,40, United-States
76, Private,124191, Masters,14, Married-civ-spouse, Exec-managerial, Husband, White, Male,0,0,40, United-States
44, Private,198282, Bachelors,13, Married-civ-spouse, Exec-managerial, Husband, White, Male,15024,0,60, United-States
47, Self-emp-not-inc,149116, Masters,14, Never-married, Prof-specialty, Not-in-family, White, Female,0,0,50, United-States
20, Private,188300, Some-college,10, Never-married, Tech-support, Own-child, White, Female,0,0,40, United-States
29, Private,103432, HS-grad,9, Never-married, Craft-repair, Not-in-family, White, Male,0,0,40, United-States
32, Self-emp-inc,317660, HS-grad,9, Married-civ-spouse, Craft-repair, Husband, White, Male,7688,0,40, United-States
17, ?,304873, 10th,6, Never-married, ?, Own-child, White, Female,34095,0,32, United-States
30, Private,194901, 11th,7, Never-married, Handlers-cleaners, Own-child, White, Male,0,0,40, United-States
31, Local-gov,189265, HS-grad,9, Never-married, Adm-clerical, Not-in-family, White, Female,0,0,40, United-States
42, Private,124692, HS-grad,9, Married-civ-spouse, Handlers-cleaners, Husband, White, Male,0,0,40, United-States
24, Private,432376, Bachelors,13, Never-married, Sales, Other-relative, White, Male,0,0,40, United-States
38, Private,65324, Prof-school,15, Married-civ-spouse, Prof-specialty, Husband, White, Male,0,0,40, United-States
56, Self-emp-not-inc,335605, HS-grad,9, Married-civ-spouse, Other-service, Husband, White, Male,0,1887,50, Canada
28, Private,377869, Some-college,10, Married-civ-spouse, Sales, Wife, White, Female,4064,0,25, United-States
36, Private,102864, HS-grad,9, Never-married, Machine-op-inspct, Own-child, White, Female,0,0,40, United-States
53, Private,95647, 9th,5, Married-civ-spouse, Handlers-cleaners, Husband, White, Male,0,0,50, United-States
56, Self-emp-inc,303090, Some-college,10, Married-civ-spouse, Sales, Husband, White, Male,0,0,50, United-States
49, Local-gov,197371, Assoc-voc,11, Married-civ-spouse, Craft-repair, Husband, Black, Male,0,0,40, United-States
55, Private,247552, Some-college,10, Married-civ-spouse, Sales, Husband, White, Male,0,0,56, United-States
22, Private,102632, HS-grad,9, Never-married, Craft-repair, Not-in-family, White, Male,0,0,41, United-States
21, Private,199915, Some-college,10, Never-married, Other-service, Own-child, White, Female,0,0,40, United-States
40, Private,118853, Bachelors,13, Married-civ-spouse, Exec-managerial, Husband, White, Male,0,0,60, United-States
30, Private,77143, Bachelors,13, Never-married, Exec-managerial, Own-child, Black, Male,0,0,40, Germany
29, State-gov,267989, Bachelors,13, Married-civ-spouse, Prof-specialty, Husband, White, Male,0,0,50, United-States
19, Private,301606, Some-college,10, Never-married, Other-service, Own-child, Black, Male,0,0,35, United-States
47, Private,287828, Bachelors,13, Married-civ-spouse, Exec-managerial, Wife, White, Female,0,0,40, United-States
20, Private,111697, Some-college,10, Never-married, Adm-clerical, Own-child, White, Female,0,1719,28, United-States
31, Private,114937, Assoc-acdm,12, Married-civ-spouse, Adm-clerical, Husband, White, Male,0,0,40, United-States
35, ?,129305, HS-grad,9, Married-civ-spouse, ?, Husband, White, Male,0,0,40, United-States
39, Private,365739, Some-college,10, Divorced, Craft-repair, Not-in-family, White, Male,0,0,40, United-States
28, Private,69621, Assoc-acdm,12, Never-married, Sales, Not-in-family, White, Female,0,0,60, United-States
24, Private,43323, HS-grad,9, Never-married, Other-service, Not-in-family, White, Female,0,1762,40, United-States
38, Self-emp-not-inc,120985, HS-grad,9, Married-civ-spouse, Craft-repair, Husband, White, Male,4386,0,35, United-States
37, Private,254202, Bachelors,13, Married-civ-spouse, Sales, Husband, White, Male,0,0,50, United-States
